id,first_name,second_name,position,goals_scored,assists,total_points,minutes,goals_conceded,creativity,influence,threat,bonus,bps,ict_index,clean_sheets,red_cards,yellow_cards,selected_by_percent
1,David,Ospina,GK,0,0,2,143,4,0.0,28.8,0,0,18,2.9,0,0,0,0.2
2,Petr,Cech,GK,0,0,134,3097,37,0.1,819.8,0,2,660,82.0,12,0,2,13.7
3,Laurent,Koscielny,DEF,2,1,121,2821,37,53.9,831.2,239,19,723,112.7,10,1,4,11.2
4,Per,Mertesacker,DEF,0,0,1,38,1,0.1,17.8,0,0,5,1.8,0,0,0,0.2
5,Gabriel Armando,de Abreu,DEF,0,0,45,1517,18,84.5,295.8,119,2,296,50.0,5,0,6,0.8
6,Héctor,Bellerín,DEF,1,5,119,2503,34,508.3,437.6,395,12,569,133.8,10,0,4,13.9
7,Kieran,Gibbs,DEF,0,1,45,702,3,171.4,142.4,117,3,201,43.1,6,0,3,1.7
8,Mathieu,Debuchy,DEF,0,0,1,15,0,1.4,1.0,0,0,2,0.2,0,0,0,0.2
9,Carl,Jenkinson,DEF,0,0,2,82,1,2.0,19.4,0,0,12,2.1,0,0,0,0.1
10,Nacho,Monreal,DEF,0,3,115,3153,43,280.3,554.0,220,9,681,105.8,11,0,5,6.4
11,Calum,Chambers,DEF,2,1,83,2250,37,107.0,692.2,80,7,499,88.0,7,0,4,3.4
12,Alexis,Sánchez,MID,24,11,264,3217,41,1278.3,1357.8,1896,32,834,453.4,13,0,6,29.7
13,Theo,Walcott,MID,10,3,122,1916,26,280.5,541.8,1023,7,380,184.1,8,0,1,4.2
14,Mesut,Özil,MID,8,11,167,2841,30,1649.3,834.4,734,19,729,322.0,12,0,2,7.5
15,Santiago,Cazorla,MID,2,2,38,618,5,221.7,198.2,89,5,159,50.8,4,0,2,1.4
16,Aaron,Ramsey,MID,1,4,56,1236,20,361.2,257.2,496,3,240,111.3,4,0,3,1.1
17,Jack,Wilshere,MID,0,3,61,1950,45,544.4,308.4,321,2,312,116.8,5,0,4,0.5
18,Alex,Oxlade-Chamberlain,MID,2,7,83,1564,22,519.9,435.4,416,3,393,137.5,4,0,1,1.4
19,Serge,Gnabry,MID,0,0,0,0,0,0.0,0.0,0,0,0,0.0,0,0,0,0.0
20,Francis,Coquelin,MID,0,1,52,1779,27,314.1,291.6,117,1,303,72.4,5,0,5,1.9
21,Alex,Iwobi,MID,3,5,89,1456,20,467.8,326.4,592,8,352,138.7,9,0,1,1.1
22,Mohamed,Elneny,MID,0,1,26,694,9,108.6,89.0,116,0,133,31.1,3,0,1,0.4
23,Joel,Campbell,MID,0,0,0,0,0,0.0,0.0,0,0,0,0.0,0,0,0,0.0
24,Granit,Xhaka,MID,2,3,85,2483,32,626.2,488.8,193,7,506,130.8,10,2,5,3.2
25,Olivier,Giroud,FWD,12,5,116,1206,16,275.1,522.6,797,17,432,158.9,4,0,2,4.7
26,Danny,Welbeck,FWD,2,2,37,748,11,89.9,144.8,321,0,117,55.5,3,0,0,0.8
27,Yaya,Sanogo,FWD,0,0,0,0,0,0.0,0.0,0,0,0,0.0,0,0,0,0.1
28,Takuma,Asano,FWD,0,0,0,0,0,0.0,0.0,0,0,0,0.0,0,0,0,0.0
29,Artur,Boruc,GK,0,0,120,3150,63,10.0,815.4,0,7,657,82.4,9,0,2,6.2
30,Adam,Federici,GK,0,0,8,180,3,0.0,34.4,0,1,37,3.5,1,0,1,0.1
31,Simon,Francis,DEF,0,1,89,2938,54,291.2,748.2,130,7,639,117.3,10,1,4,1.4
32,Steve,Cook,DEF,2,0,112,3420,67,66.2,1123.0,391,17,777,158.2,10,0,5,3.2
33,Charlie,Daniels,DEF,4,3,134,3060,53,528.3,698.2,302,14,692,152.9,10,0,1,9.9
34,Adam,Smith,DEF,1,5,104,3101,61,509.8,566.6,242,12,645,132.1,8,0,6,7.0
35,Tyrone,Mings,DEF,0,0,4,506,16,18.3,125.4,45,2,89,18.9,0,0,0,0.0
36,Nathan,Aké,DEF,3,1,55,834,20,55.5,373.2,147,8,267,57.5,3,0,1,6.1
37,Harry,Arter,MID,1,4,84,2956,62,533.0,482.0,343,6,513,135.4,9,1,11,0.3
38,Marc,Pugh,MID,2,3,64,1329,24,304.6,238.6,290,6,224,83.3,5,0,1,0.4
39,Andrew,Surman,MID,0,1,44,1800,38,223.8,256.8,90,0,288,57.0,4,1,1,0.1
40,Eunan,O'Kane,MID,0,0,0,0,0,0.0,0.0,0,0,0,0.0,0,0,0,0.3
41,Shaun,MacDonald,MID,0,0,0,0,0,0.0,0.0,0,0,0,0.0,0,0,0,0.1
42,Junior,Stanislas,MID,7,6,107,1467,29,406.9,454.6,418,13,372,128.0,4,0,1,1.3
43,Dan,Gosling,MID,2,0,49,1366,24,181.7,254.0,168,2,254,60.5,4,0,6,0.1
44,Max,Gradel,MID,0,0,8,134,1,18.2,24.6,70,0,24,10.8,0,0,3,0.1
45,Emerson,Hyndman,MID,0,0,0,0,0,0.0,0.0,0,0,0,0.0,0,0,0,0.0
46,Jordon,Ibe,MID,0,0,36,1055,22,268.3,113.0,235,0,133,61.5,3,0,0,1.1
47,Lewis,Cook,MID,0,2,17,432,7,89.8,100.8,28,1,81,21.8,1,0,1,0.8
48,Joshua,King,MID,16,3,178,2714,54,474.6,835.2,1007,17,553,231.6,9,0,1,19.3
49,Callum,Wilson,FWD,6,1,63,1361,25,125.7,229.0,487,2,170,82.2,6,0,0,1.1
50,Tokelo,Rantie,FWD,0,0,0,0,0,0.0,0.0,0,0,0,0.0,0,0,0,0.3
51,Lewis,Grabban,FWD,0,1,6,60,2,11.8,24.2,17,0,17,5.3,0,0,0,2.9
52,Benik,Afobe,FWD,6,5,88,1458,24,320.7,350.0,639,9,259,130.8,5,0,1,1.2
53,Lys,Mousset,FWD,0,1,14,270,4,39.6,27.8,109,0,22,16.1,1,0,0,0.1
54,Tom,Heaton,GK,0,0,149,3150,48,30.3,1001.6,0,21,741,103.2,10,0,1,18.6
55,Matthew,Lowton,DEF,0,2,90,3240,53,491.5,770.6,80,5,631,134.2,9,0,9,0.8
56,Ben,Mee,DEF,1,2,94,3015,49,93.7,890.0,281,6,592,126.7,9,0,5,2.2
57,Stephen,Ward,DEF,1,1,91,3230,53,409.9,644.6,128,3,596,118.3,8,0,5,1.6
58,Michael,Keane,DEF,2,1,113,3150,49,96.7,930.8,557,10,619,158.6,10,0,4,3.3
59,James,Tarkowski,DEF,0,0,23,568,11,53.4,146.2,81,0,111,27.5,1,0,1,1.8
60,Tendayi,Darikwa,DEF,0,0,0,0,0,0.0,0.0,0,0,0,0.0,0,0,0,0.1
61,David,Jones,MID,0,0,1,86,1,11.7,0.0,2,0,8,1.3,0,0,1,0.0
62,George,Boyd,MID,2,2,92,2837,45,268.4,330.6,376,2,386,97.2,9,0,3,0.2
63,Scott,Arfield,MID,1,2,69,2103,36,556.5,210.2,393,3,253,115.7,6,0,3,0.1
64,Dean,Marney,MID,1,2,51,1764,28,88.7,244.4,73,1,239,40.5,5,0,7,0.4
65,Fredrik,Ulvestad,MID,0,0,0,0,0,0.0,0.0,0,0,0,0.0,0,0,0,0.1
66,Michael,Kightly,MID,0,0,6,104,1,9.3,2.8,4,0,20,1.5,0,0,0,0.6
67,Sam,Vokes,FWD,10,4,121,2064,34,248.1,500.0,907,12,394,164.6,5,0,0,3.2
68,Andre,Gray,FWD,9,3,108,2260,33,320.2,415.6,648,10,303,137.4,8,0,2,4.0
69,Lukas,Jutkiewicz,FWD,0,0,2,13,0,1.0,0.4,2,0,5,0.3,0,0,0,0.6
70,Ashley,Barnes,FWD,6,3,81,1774,27,277.1,328.8,663,10,241,125.5,6,1,6,4.3
71,Rouwen,Hennings,FWD,0,0,0,0,0,0.0,0.0,0,0,0,0.0,0,0,0,0.0
72,Chris,Long,FWD,0,0,0,0,0,0.0,0.0,0,0,0,0.0,0,0,0,0.3
73,Thibaut,Courtois,GK,0,0,141,3240,28,0.0,517.6,0,0,623,52.0,16,0,1,14.1
74,Asmir,Begovic,GK,0,0,2,180,5,0.0,13.2,0,0,17,1.3,0,0,0,0.2
75,John,Terry,DEF,1,0,21,496,9,24.3,104.6,104,0,97,23.3,1,0,1,1.9
76,Branislav,Ivanovic,DEF,0,1,23,589,9,69.4,114.6,112,2,143,29.4,1,0,2,2.7
77,César,Azpilicueta,DEF,1,5,170,3420,33,422.8,792.8,150,22,872,136.8,16,0,4,18.1
78,Gary,Cahill,DEF,6,0,178,3296,29,100.8,831.6,400,15,778,133.3,17,0,5,15.3
79,Kurt,Zouma,DEF,0,1,15,250,8,13.5,60.6,4,3,69,7.8,0,0,0,0.3
80,Abdul Rahman,Baba,DEF,0,0,0,0,0,0.0,0.0,0,0,0,0.0,0,0,0,0.0
81,Matt,Miazga,DEF,0,0,0,0,0,0.0,0.0,0,0,0,0.0,0,0,0,0.1
82,Eden,Hazard,MID,16,9,224,2985,29,1306.8,1044.6,1162,33,869,351.6,17,0,3,30.6
83,Cesc,Fàbregas,MID,5,15,121,1340,14,881.8,635.0,325,14,529,184.1,4,0,8,3.3
84,Oscar,dos Santos Emboaba Junior,MID,0,1,17,455,6,197.4,97.4,128,0,104,42.2,1,0,1,0.5
85,Juan,Cuadrado,MID,0,0,0,0,0,0.0,0.0,0,0,0,0.0,0,0,0,0.5
86,Willian,Borges Da Silva,MID,8,3,114,1534,19,809.4,491.4,522,13,441,182.1,6,0,3,3.5
87,Nemanja,Matic,MID,1,8,105,2694,24,447.1,546.8,279,1,550,127.5,15,0,4,3.9
88,Ruben,Loftus-Cheek,MID,0,0,6,35,0,3.9,3.8,25,0,16,3.4,0,0,0,0.1
89,John Obi,Mikel,MID,0,0,0,0,0,0.0,0.0,0,0,0,0.0,0,0,0,0.1
90,Pedro,Rodríguez Ledesma,MID,9,10,162,2140,15,697.9,639.0,669,18,580,198.8,15,0,6,8.5
91,Bertrand,Traore,MID,0,0,0,0,0,0.0,0.0,0,0,0,0.0,0,0,0,0.0
92,Victor,Moses,MID,3,3,105,2485,15,456.2,528.6,683,6,476,166.7,17,0,4,2.2
93,Marco,Van Ginkel,MID,0,0,0,0,0,0.0,0.0,0,0,0,0.0,0,0,0,0.0
94,Robert Kenedy,Nunes do Nascimento,MID,0,0,3,90,3,11.8,1.8,46,0,8,6.0,0,0,0,0.0
95,N'Golo,Kanté,MID,1,1,83,3138,33,432.8,515.4,244,1,554,119.0,13,0,9,11.7
96,Michy,Batshuayi,FWD,5,1,48,254,3,40.9,193.2,277,4,169,50.7,0,0,0,1.2
97,Diego,Da Silva Costa,FWD,20,11,196,3083,30,687.9,982.6,1891,25,657,355.0,14,0,10,32.2
98,Loïc,Remy,FWD,0,0,6,134,3,26.9,20.0,60,0,17,10.2,1,0,0,0.2
99,Julian,Speroni,GK,0,0,0,0,0,0.0,0.0,0,0,0,0.0,0,0,0,0.2
100,Wayne,Hennessey,GK,0,0,92,2610,46,31.1,600.4,0,4,497,63.2,7,0,1,3.1
101,Alex,McCarthy,GK,0,0,0,0,0,0.0,0.0,0,0,0,0.0,0,0,0,0.1
102,Steve,Mandanda,GK,0,0,19,810,17,0.0,182.8,0,0,120,18.2,0,0,0,1.9
103,James,Tomkins,DEF,3,0,75,1974,36,35.7,471.0,213,5,359,72.1,6,0,4,0.2
104,Scott,Dann,DEF,3,1,61,1752,36,73.1,459.0,426,4,310,96.0,2,0,2,2.1
105,Joel,Ward,DEF,0,1,86,3417,63,263.7,608.2,129,7,568,100.4,7,0,7,0.9
106,Martin,Kelly,DEF,0,2,46,2124,44,125.1,421.8,61,0,323,61.0,2,0,4,0.6
107,Damien,Delaney,DEF,0,2,51,2014,39,79.6,496.6,67,3,344,64.1,3,0,8,0.5
108,Pape,Souaré,DEF,0,0,6,270,3,33.5,53.6,9,0,37,9.7,0,0,0,0.2
109,Yannick,Bolasie,MID,1,4,45,1048,14,326.7,238.0,252,3,172,81.8,3,0,3,1.7
110,Jason,Puncheon,MID,0,6,92,3093,53,941.8,500.2,448,6,500,188.7,7,0,9,0.7
111,Wilfried,Zaha,MID,7,11,149,3019,56,606.4,740.4,865,13,481,221.2,7,0,8,11.9
112,Mile,Jedinak,MID,0,0,2,90,1,31.2,11.8,0,0,8,4.3,0,0,0,0.1
113,Joe,Ledley,MID,1,1,40,1160,26,109.9,158.2,48,1,201,31.5,2,0,1,0.4
114,James,McArthur,MID,5,3,93,1999,39,284.5,400.4,300,8,363,97.7,3,0,5,1.0
115,Jordon,Mutch,MID,0,0,4,53,1,14.1,15.6,0,0,17,3.1,0,0,0,0.3
116,Jonathan,Williams,MID,0,0,0,0,0,0.0,0.0,0,0,0,0.0,0,0,0,0.0
117,Chung-yong,Lee,MID,0,1,24,471,13,125.0,71.2,44,0,103,23.9,2,0,0,0.3
118,Yohan,Cabaye,MID,4,4,91,2125,41,568.0,427.4,478,6,411,146.8,7,0,7,1.1
119,Bakary,Sako,MID,0,0,7,142,5,31.6,21.8,32,0,29,8.7,0,0,0,0.0
120,Andros,Townsend,MID,3,7,116,2520,38,852.4,552.4,511,16,492,191.3,7,0,4,2.2
121,Fraizer,Campbell,FWD,1,0,16,165,4,25.9,42.4,84,0,56,15.2,0,0,0,1.0
122,Connor,Wickham,FWD,2,0,18,412,6,36.2,87.6,132,0,59,25.0,0,0,1,0.3
123,Joel,Robles,GK,0,1,89,1737,20,10.0,439.2,0,5,407,44.9,10,0,2,0.9
124,Maarten,Stekelenburg,GK,0,0,68,1683,24,0.1,350.4,0,3,309,35.1,4,0,2,1.7
125,Leighton,Baines,DEF,2,5,135,2819,34,695.0,570.8,151,15,647,141.9,11,0,4,11.0
126,Seamus,Coleman,DEF,4,4,133,2316,28,308.9,596.0,297,15,548,120.3,10,0,3,4.0
127,Phil,Jagielka,DEF,3,3,104,2251,32,71.7,751.4,278,16,533,110.1,6,1,4,7.5
128,John,Stones,DEF,0,0,59,2014,29,78.0,441.4,174,4,435,69.7,4,0,1,13.3
129,Brendan,Galloway,DEF,0,0,9,247,3,18.4,33.0,25,0,44,7.5,1,0,0,0.2
130,Tyias,Browning,DEF,0,0,0,0,0,0.0,0.0,0,0,0,0.0,0,0,0,2.0
131,Matthew,Pennington,DEF,1,0,9,180,6,10.7,63.8,33,0,37,10.8,0,0,0,0.9
132,Ramiro,Funes Mori,DEF,0,1,69,1543,19,64.0,346.2,129,4,365,54.0,7,0,0,1.4
133,Kevin,Mirallas,MID,4,8,119,2074,26,682.1,439.6,739,8,420,185.4,11,0,2,2.2
134,Ross,Barkley,MID,5,11,144,2900,36,1237.6,692.4,973,11,534,290.3,12,0,5,6.6
135,Tom,Cleverley,MID,0,3,55,1848,40,438.1,255.2,93,0,294,78.7,3,0,4,0.1
136,James,McCarthy,MID,1,1,23,613,10,80.4,119.8,84,0,100,28.6,0,0,2,0.2
137,Gareth,Barry,MID,2,1,68,2109,28,400.6,509.4,244,3,371,115.0,7,0,10,3.2
138,Darron,Gibson,MID,0,0,17,640,12,51.5,72.4,16,0,101,13.8,1,0,4,0.1
139,Muhamed,Besic,MID,0,0,0,0,0,0.0,0.0,0,0,0,0.0,0,0,0,0.0
140,Bryan,Oviedo,MID,0,0,29,1323,26,155.4,250.6,37,0,223,44.4,3,0,4,0.1
141,Gerard,Deulofeu,MID,0,0,13,460,6,150.8,54.6,115,0,53,32.0,0,0,1,0.8
142,Aaron,Lennon,MID,0,1,22,509,5,93.4,78.0,54,0,104,22.3,2,0,0,0.2
143,Romelu,Lukaku,FWD,25,6,221,3266,42,701.4,1171.6,1670,33,824,354.1,13,0,3,32.2
144,Arouna,Koné,FWD,0,0,6,78,3,19.6,7.8,22,0,17,4.9,0,0,0,0.7
145,Oumar,Niasse,FWD,4,1,44,1096,30,163.0,205.8,417,3,125,76.8,2,1,3,0.4
146,Allan,McGregor,GK,0,0,0,0,0,0.0,0.0,0,0,0,0.0,0,0,0,0.0
147,Eldin,Jakupovic,GK,0,0,86,1980,36,0.3,554.2,4,7,431,55.8,5,0,0,21.9
148,Brian,Lenihan,DEF,0,0,0,0,0,0.0,0.0,0,0,0,0.0,0,0,0,1.1
149,Curtis,Davies,DEF,0,2,38,2135,53,33.0,644.6,128,3,368,80.5,1,0,4,1.3
150,Michael,Dawson,DEF,3,0,46,1722,44,46.3,573.6,236,4,311,85.5,1,0,4,0.5
151,Moses,Odubajo,DEF,0,0,0,0,0,0.0,0.0,0,0,0,0.0,0,0,0,0.0
152,Andrew,Robertson,DEF,1,2,73,2736,59,352.8,502.6,100,4,488,95.6,5,0,5,1.9
153,Harry,Maguire,DEF,2,3,71,2307,53,157.2,707.6,439,5,483,130.6,4,0,5,0.8
154,Alex,Bruce,DEF,0,0,0,0,0,0.0,0.0,0,0,0,0.0,0,0,0,0.1
155,Robert,Snodgrass,MID,7,6,133,2548,56,1050.1,550.2,538,16,503,212.3,3,0,2,6.3
156,Sam,Clucas,MID,3,1,87,3186,75,344.2,482.2,405,4,509,122.5,5,1,9,0.2
157,Jake,Livermore,MID,1,1,77,2970,62,323.5,556.4,283,2,458,116.5,4,1,5,0.1
158,Ahmed,Elmohamady,MID,0,2,62,2523,63,428.6,464.4,108,1,428,99.9,3,1,3,0.2
159,Mohamed,Diamé,MID,0,0,0,0,0,0.0,0.0,0,0,0,0.0,0,0,0,0.0
160,Tom,Huddlestone,MID,1,2,62,2025,47,300.3,344.4,130,5,348,77.6,4,1,5,0.2
161,David,Meyler,MID,1,0,33,962,23,123.6,164.6,81,0,179,37.1,2,0,2,0.2
162,Shaun,Maloney,MID,1,2,24,283,7,70.4,104.6,58,2,86,23.4,1,0,0,0.5
163,Abel,Hernández,FWD,4,4,72,1425,23,190.4,219.4,532,6,208,93.6,4,0,0,0.9
164,Adama,Diomande,FWD,2,0,42,1171,29,195.4,141.0,259,2,127,58.7,2,0,1,3.6
165,Kasper,Schmeichel,GK,0,0,109,2666,47,0.0,757.4,0,10,585,75.8,8,0,1,6.0
166,Ron-Robert,Zieler,GK,0,0,17,754,16,0.0,136.0,2,0,119,13.9,1,0,0,0.3
167,Wes,Morgan,DEF,1,1,63,2430,45,48.4,480.0,284,0,360,81.4,5,0,3,10.3
168,Christian,Fuchs,DEF,2,4,104,3103,57,536.4,802.0,152,10,679,149.4,8,0,10,5.7
169,Jeffrey,Schlupp,DEF,0,2,47,1139,17,100.4,214.2,65,4,237,38.1,3,0,0,0.3
170,Marcin,Wasilewski,DEF,0,0,1,90,2,0.3,10.8,0,0,10,1.1,0,0,0,1.8
171,Ritchie,de Laet,DEF,0,0,0,0,0,0.0,0.0,0,0,0,0.0,0,0,0,0.1
172,Danny,Simpson,DEF,0,3,85,2988,50,199.0,531.2,50,4,529,77.9,9,0,12,2.1
173,Robert,Huth,DEF,2,2,88,2926,49,69.4,701.0,477,1,479,124.9,9,0,9,1.8
174,Yohan,Benalouane,DEF,0,0,27,917,15,22.0,158.2,54,0,156,23.6,4,0,4,1.0
175,Luis,Hernández,DEF,0,0,3,327,8,62.0,57.6,0,0,50,12.0,0,0,1,0.3
176,Riyad,Mahrez,MID,6,4,120,2826,48,802.1,573.0,898,9,437,227.8,9,0,4,8.2
177,Marc,Albrighton,MID,2,6,95,2412,47,719.8,483.8,272,3,468,147.6,8,0,5,2.5
178,Andy,King,MID,1,0,41,1446,26,122.7,258.4,167,1,217,54.9,1,0,4,0.2
179,Daniel,Drinkwater,MID,1,1,69,2466,44,307.1,401.8,213,3,384,92.0,8,0,6,3.6
180,Gökhan,Inler,MID,0,0,0,0,0,0.0,0.0,0,0,0,0.0,0,0,0,0.1
181,Demarai,Gray,MID,1,4,58,1049,20,268.8,220.4,233,0,210,72.2,4,0,2,0.5
182,Daniel,Amartey,MID,1,1,53,1673,35,204.0,254.4,109,3,262,57.0,4,0,3,0.2
183,Nampalys,Mendy,MID,0,0,6,269,5,24.9,16.8,0,0,26,4.0,1,0,1,0.3
184,Jamie,Vardy,FWD,13,8,161,2801,57,450.4,629.8,955,24,555,202.5,7,1,2,13.9
185,Leonardo,Ulloa,FWD,1,0,24,447,5,55.7,60.8,262,1,56,37.4,2,0,0,0.1
186,Shinji,Okazaki,FWD,3,1,63,1565,26,262.0,181.2,471,3,220,90.4,7,0,1,1.6
187,Ahmed,Musa,FWD,2,0,39,761,20,120.8,132.6,232,5,131,47.7,1,0,1,3.0
188,Simon,Mignolet,GK,0,0,110,2520,30,0.0,461.2,0,7,506,46.0,9,0,0,3.5
189,Loris,Karius,GK,0,0,32,900,12,0.0,149.4,0,0,153,15.0,3,0,0,0.7
190,Mamadou,Sakho,DEF,0,0,35,686,6,48.7,143.4,40,6,155,23.2,4,0,0,0.6
191,Dejan,Lovren,DEF,2,1,106,2553,31,119.2,715.4,236,6,589,107.1,11,0,6,5.6
192,Alberto,Moreno,DEF,0,1,15,305,7,78.3,64.6,32,1,79,17.5,0,0,1,1.4
193,Nathaniel,Clyne,DEF,0,2,129,3323,41,716.5,512.0,294,13,735,152.4,12,0,0,10.3
194,Jon,Flanagan,DEF,0,0,9,360,4,16.4,63.8,0,0,55,8.0,1,0,2,0.2
195,Joseph,Gomez,DEF,0,0,0,0,0,0.0,0.0,0,0,0,0.0,0,0,0,0.0
196,Connor,Randall,DEF,0,0,0,0,0,0.0,0.0,0,0,0,0.0,0,0,0,1.7
197,Bradley,Smith,DEF,0,0,4,269,9,30.3,28.6,27,0,35,8.6,0,0,1,2.5
198,Kevin,Stewart,DEF,0,0,4,20,0,0.4,3.6,0,0,12,0.4,0,0,0,0.1
199,Joel,Matip,DEF,1,0,97,2457,25,143.3,588.6,348,7,557,108.0,9,0,3,3.2
200,Leiva,Lucas,MID,0,3,47,1112,17,102.9,306.4,99,2,240,51.1,4,0,4,0.2
201,Jordan,Henderson,MID,1,4,73,2116,28,554.3,507.4,93,9,467,115.5,7,0,8,1.0
202,Joe,Allen,MID,6,3,118,2930,49,539.8,576.8,675,10,525,179.4,10,0,9,6.4
203,Philippe,Coutinho,MID,13,8,171,2228,27,1081.8,860.0,1125,21,631,306.5,8,0,2,26.0
204,Emre,Can,MID,5,2,104,2371,28,544.5,512.2,500,12,436,155.3,9,0,6,3.0
205,Adam,Lallana,MID,8,7,139,2338,32,693.0,679.4,825,14,543,219.5,9,0,3,9.1
206,Lazar,Markovic,MID,2,0,37,1005,15,160.3,142.2,185,2,125,48.5,5,0,4,0.1
207,Oluwaseyi,Ojo,MID,0,0,0,0,0,0.0,0.0,0,0,0,0.0,0,0,0,0.0
208,James,Milner,MID,7,4,139,3154,35,937.0,919.0,493,16,682,235.2,12,0,5,4.8
209,Roberto,Firmino,MID,11,11,180,3062,39,1127.3,869.6,1569,17,639,356.9,11,0,5,8.8
210,Cameron,Brannagan,MID,0,0,0,0,0,0.0,0.0,0,0,0,0.0,0,0,0,0.1
211,Pedro,Chirivella,MID,0,0,0,0,0,0.0,0.0,0,0,0,0.0,0,0,0,0.1
212,Sadio,Mané,MID,13,7,156,2242,26,660.7,727.0,1074,14,502,246.0,8,0,4,7.8
213,Christian,Benteke,FWD,15,2,136,3131,58,484.4,640.2,1762,13,382,286.1,7,0,10,9.5
214,Daniel,Sturridge,FWD,3,5,54,775,7,207.4,202.8,492,2,180,89.7,3,0,1,1.9
215,Mario,Balotelli,FWD,0,0,0,0,0,0.0,0.0,0,0,0,0.0,0,0,0,0.2
216,Danny,Ings,FWD,0,0,0,0,0,0.0,0.0,0,0,0,0.0,0,0,0,0.2
217,Divock,Origi,FWD,7,4,96,1469,18,264.4,360.0,551,8,297,116.1,7,0,0,5.5
218,Joe,Hart,GK,0,0,0,0,0,0.0,0.0,0,0,0,0.0,0,0,0,1.0
219,Willy,Caballero,GK,0,0,64,1452,13,0.0,266.6,0,1,295,26.8,6,0,0,3.8
220,Aleksandar,Kolarov,DEF,1,1,95,2535,27,296.4,639.0,223,7,558,116.0,9,0,6,3.1
221,Pablo,Zabaleta,DEF,1,1,45,1065,18,167.7,238.6,113,5,230,52.1,2,0,2,1.2
222,Vincent,Kompany,DEF,3,0,57,820,6,32.9,249.0,123,6,227,40.6,5,0,5,3.2
223,Gaël,Clichy,DEF,1,0,87,2123,24,314.8,407.4,38,9,493,76.1,8,0,2,1.9
224,Bacary,Sagna,DEF,0,1,55,1346,14,152.1,223.2,53,3,316,42.8,6,0,2,1.7
225,Eliaquim,Mangala,DEF,0,0,0,0,0,0.0,0.0,0,0,0,0.0,0,0,0,0.3
226,Nicolás,Otamendi,DEF,1,2,100,2592,28,125.6,772.4,276,10,640,117.6,9,0,9,3.2
227,Fabian,Delph,MID,1,0,13,224,4,42.3,68.2,43,0,62,15.3,0,0,1,0.1
228,Raheem,Sterling,MID,7,14,149,2509,27,688.3,527.0,1170,11,468,237.7,9,0,7,10.6
229,Samir,Nasri,MID,0,0,1,16,0,12.3,4.8,41,0,0,5.8,0,0,0,0.2
230,David,Silva,MID,4,9,130,2760,32,1388.4,671.2,801,12,621,286.2,12,0,6,2.8
231,Gnegneri Yaya,Touré,MID,5,0,86,1941,17,407.7,474.2,335,6,422,121.8,12,0,4,1.0
232,Jesús,Navas,MID,0,3,48,1064,17,359.9,161.0,163,6,245,68.3,2,0,2,0.6
233,Fernando,Luiz Rosa,MID,2,1,78,2755,27,575.7,546.6,364,3,483,148.5,10,2,4,1.5
234,Fernando Francisco,Reges,MID,0,0,18,568,10,65.7,115.2,29,1,106,21.0,1,0,3,0.2
235,Kevin,De Bruyne,MID,6,21,199,2877,34,1702.0,872.4,790,33,825,336.6,11,0,4,10.4
236,Ilkay,Gündogan,MID,3,1,41,704,8,209.6,186.8,199,2,196,59.6,3,0,0,1.3
237,Manuel,Agudo Durán,MID,4,3,54,777,7,238.4,210.0,411,2,170,85.6,3,1,3,1.0
238,Oleksandr,Zinchenko,MID,0,0,0,0,0,0.0,0.0,0,0,0,0.0,0,0,0,0.0
239,Sergio,Agüero,FWD,20,5,175,2404,30,518.2,871.8,1853,32,640,323.9,8,1,4,17.6
240,Wilfried,Bony,FWD,2,0,29,684,12,116.9,103.0,271,3,92,49.0,3,0,1,0.6
241,Kelechi,Iheanacho,FWD,4,3,52,537,9,193.7,224.0,463,6,180,87.4,1,0,0,2.3
242,David,de Gea,GK,0,0,136,3150,29,10.0,542.4,0,5,575,55.0,14,0,2,33.2
243,Sergio,Romero,GK,0,0,23,180,0,0.0,77.2,0,3,80,7.7,2,0,0,0.2
244,Chris,Smalling,DEF,1,1,52,1217,16,36.1,342.6,95,1,282,47.4,4,0,0,1.1
245,Phil,Jones,DEF,0,0,55,1584,14,35.2,437.8,89,4,362,56.3,5,0,2,0.7
246,Guillermo,Varela,DEF,0,0,0,0,0,0.0,0.0,0,0,0,0.0,0,0,0,0.0
247,Luke,Shaw,DEF,0,3,45,688,6,160.5,139.2,64,4,202,36.5,4,0,1,6.4
248,Marcos,Rojo,DEF,1,0,77,1663,13,71.0,446.4,147,7,394,66.5,8,0,5,0.7
249,Patrick,McNair,DEF,0,0,12,353,9,51.1,30.6,28,0,58,10.7,1,0,0,0.2
250,Antonio,Valencia,DEF,1,3,120,2483,20,614.8,547.2,243,9,612,140.6,12,0,5,12.4
251,Matteo,Darmian,DEF,0,0,70,1333,8,74.0,206.0,13,6,319,29.4,9,0,3,1.0
252,Cameron,Borthwick-Jackson,DEF,0,0,0,0,0,0.0,0.0,0,0,0,0.0,0,0,0,0.0
253,Timothy,Fosu-Mensah,DEF,0,0,9,97,0,2.9,12.8,8,0,36,2.4,1,0,0,0.2
254,Daley,Blind,DEF,1,2,98,1830,17,426.6,534.0,122,14,525,108.2,9,0,2,4.7
255,Eric,Bailly,DEF,0,0,105,2058,15,31.0,481.2,98,14,542,61.2,13,0,4,8.3
256,Juan,Mata,MID,6,3,102,1614,16,747.5,457.6,598,14,457,179.9,10,0,3,2.0
257,Marouane,Fellaini,MID,1,0,48,1604,14,281.9,299.0,333,0,259,90.9,10,1,8,0.3
258,Memphis,Depay,MID,0,0,3,24,1,1.8,1.2,4,0,6,0.7,0,0,1,0.2
259,Michael,Carrick,MID,0,0,42,1601,14,209.3,288.0,48,0,297,54.5,5,0,2,1.7
260,Ashley,Young,MID,0,1,26,760,6,167.0,147.4,61,1,154,37.6,4,0,2,0.1
261,Adnan,Januzaj,MID,0,3,49,1628,38,470.8,226.2,364,0,158,106.4,3,1,3,0.5
262,Ander,Herrera,MID,1,6,97,2465,18,720.8,593.2,276,11,559,159.2,13,1,5,2.2
263,Andreas,Pereira,MID,0,0,0,0,0,0.0,0.0,0,0,0,0.0,0,0,0,0.0
264,Morgan,Schneiderlin,MID,1,0,37,1073,14,112.3,216.2,90,1,214,42.0,5,0,2,0.4
265,Bastian,Schweinsteiger,MID,0,0,0,0,0,0.0,0.0,0,0,0,0.0,0,0,0,0.1
266,Jesse,Lingard,MID,1,3,60,1360,12,522.3,229.4,439,3,227,118.0,7,0,3,0.8
267,Anthony,Martial,MID,4,6,95,1553,13,399.1,382.8,579,9,302,136.2,9,0,2,2.5
268,Henrikh,Mkhitaryan,MID,4,1,73,1348,8,512.2,325.8,427,3,279,126.2,10,0,1,2.1
269,Wayne,Rooney,FWD,5,5,76,1540,16,593.8,394.2,616,9,322,160.2,6,0,8,2.4
270,James,Wilson,FWD,0,0,0,0,0,0.0,0.0,0,0,0,0.0,0,0,0,0.1
271,Marcus,Rashford,FWD,5,3,76,1712,15,411.4,316.2,734,2,287,145.5,7,0,3,10.6
272,Zlatan,Ibrahimovic,FWD,17,7,163,2438,22,775.0,807.8,1694,28,540,327.3,11,0,7,22.8
273,Dimitrios,Konstantopoulos,GK,0,0,0,0,0,0.0,0.0,0,0,0,0.0,0,0,0,0.1
274,Víctor,Valdés,GK,0,0,102,2520,36,0.3,607.6,2,10,493,61.0,8,0,1,4.3
275,Daniel,Ayala,DEF,1,0,31,918,16,10.4,220.8,166,0,174,39.8,3,0,3,0.1
276,George,Friend,DEF,0,3,59,1964,35,169.1,436.0,213,6,371,82.0,4,0,4,1.8
277,Dael,Fry,DEF,0,0,0,0,0,0.0,0.0,0,0,0,0.0,0,0,0,0.5
278,Ben,Gibson,DEF,1,1,121,3420,53,55.7,818.4,248,14,682,112.2,11,0,4,8.8
279,Emilio,Nsue Lopez,DEF,0,0,10,320,5,31.9,47.6,38,0,49,11.9,1,0,0,0.2
280,Bernardo,Espinosa Zúñiga,DEF,0,0,35,975,13,10.0,224.8,39,3,198,27.4,4,0,2,0.1
281,Albert,Adomah,MID,0,0,3,122,2,20.5,8.4,33,0,6,6.0,0,0,0,0.0
282,Stewart,Downing,MID,1,3,77,2214,39,566.9,324.6,283,3,364,117.7,7,0,1,0.4
283,Adam,Clayton,MID,0,2,70,2804,45,323.3,454.6,71,0,427,84.8,10,0,10,0.8
284,Grant,Leadbitter,MID,1,0,28,710,12,139.9,93.4,88,1,125,31.9,3,0,1,0.0
285,Adam,Reach,MID,0,0,0,0,0,0.0,0.0,0,0,0,0.0,0,0,0,0.0
286,Adam,Forshaw,MID,0,2,77,2695,36,511.6,275.6,240,3,401,102.5,9,0,4,0.4
287,Carlos,De Pena,MID,0,0,0,0,0,0.0,0.0,0,0,0,0.0,0,0,0,0.2
288,Julien,de Sart,MID,0,0,0,0,0,0.0,0.0,0,0,0,0.0,0,0,0,0.0
289,Viktor,Fischer,MID,0,3,25,438,6,121.7,82.6,165,0,91,37.0,1,0,0,0.2
290,Marten,de Roon,MID,4,1,91,2773,44,245.8,370.6,390,5,399,100.1,8,0,8,1.8
291,David,Nugent,FWD,0,0,4,43,0,3.3,3.4,2,0,11,0.7,0,0,0,0.2
292,Jordan,Rhodes,FWD,0,0,8,211,2,28.0,21.6,104,0,21,15.4,0,0,0,0.2
293,Cristhian,Stuani,FWD,4,0,54,1355,15,132.4,224.0,430,4,203,78.3,4,0,4,2.4
294,Fraser,Forster,GK,0,0,134,3420,48,10.0,553.6,0,4,625,56.4,14,0,3,5.0
295,Paulo,Gazzaniga,GK,0,0,0,0,0,0.0,0.0,0,0,0,0.0,0,0,0,0.0
296,Ryan,Bertrand,DEF,2,5,123,2507,36,442.4,517.4,255,9,575,121.5,12,0,3,3.9
297,Jose,Fonte,DEF,0,0,98,2934,46,128.0,654.4,221,10,592,100.2,11,0,4,3.2
298,Maya,Yoshida,DEF,1,1,78,2070,32,62.8,532.6,277,8,469,87.5,7,0,2,5.9
299,Matt,Targett,DEF,0,0,12,373,4,87.9,64.6,12,0,80,16.5,1,0,0,0.2
300,Florin,Gardos,DEF,0,0,0,0,0,0.0,0.0,0,0,0,0.0,0,0,0,0.1
301,Cédric,Soares,DEF,0,3,102,2515,36,648.9,591.0,155,11,584,139.6,11,0,7,2.7
302,Cuco,Martina,DEF,0,0,31,592,6,114.7,94.2,20,5,140,22.7,3,0,0,0.4
303,Virgil,van Dijk,DEF,1,0,75,1852,23,81.1,546.2,232,14,435,86.0,7,1,3,5.3
304,Nathan,Redmond,MID,7,1,126,2898,40,880.3,545.6,1021,13,483,243.8,12,1,2,7.4
305,Steven,Davis,MID,0,3,77,2643,37,573.0,437.6,379,0,450,138.9,10,0,3,0.5
306,James,Ward-Prowse,MID,4,4,92,1883,26,729.1,427.4,448,5,377,160.7,9,0,4,1.4
307,Harrison,Reed,MID,0,0,3,64,1,1.4,11.0,0,0,16,1.3,0,0,0,0.1
308,Dusan,Tadic,MID,3,7,108,2411,29,1144.1,455.4,819,4,376,242.0,13,0,4,2.0
309,Jordy,Clasie,MID,1,1,38,1022,15,129.1,122.4,94,3,157,33.3,2,0,3,0.1
310,Oriol,Romeu Vidal,MID,1,0,80,3071,42,280.5,585.6,240,4,566,110.7,13,0,11,0.8
311,Jay,Rodriguez,MID,5,2,73,893,15,132.8,255.2,507,8,170,89.4,3,0,0,0.3
312,Pierre-Emile,Højbjerg,MID,0,0,38,1300,16,305.0,222.0,216,0,232,74.1,6,0,2,1.6
313,Shane,Long,FWD,3,2,57,1262,23,231.6,201.6,584,2,159,100.1,2,0,2,3.0
314,Charlie,Austin,FWD,6,1,62,934,8,134.3,274.2,573,10,218,97.9,6,0,1,1.8
315,Shay,Given,GK,0,0,13,450,14,0.0,144.8,0,3,92,14.4,0,0,1,0.4
316,Jack,Butland,GK,0,0,20,450,8,0.0,121.8,0,2,104,12.2,2,0,0,0.9
317,Jakob,Haugaard,GK,0,0,0,0,0,0.0,0.0,0,0,0,0.0,0,0,0,0.1
318,Ryan,Shawcross,DEF,1,2,94,3150,53,65.3,732.2,395,6,549,119.3,9,0,6,1.7
319,Marc,Wilson,DEF,0,0,0,255,7,34.5,63.0,5,0,29,10.3,0,0,3,2.3
320,Geoff,Cameron,DEF,0,1,58,1629,25,165.0,354.4,174,5,340,69.6,6,0,1,0.4
321,Erik,Pieters,DEF,0,2,103,3151,50,353.8,583.2,130,9,614,107.1,10,0,5,6.7
322,Marc,Muniesa,DEF,1,0,34,650,7,59.7,172.4,50,3,153,28.2,3,0,2,0.8
323,Phil,Bardsley,DEF,0,0,27,1168,17,146.7,155.0,51,0,174,35.4,3,1,4,0.1
324,Philipp,Wollscheid,DEF,0,0,1,180,5,3.4,36.4,10,0,23,5.0,0,0,1,0.2
325,Glen,Johnson,DEF,0,0,56,1957,34,176.1,350.0,101,3,376,62.8,6,0,1,0.1
326,Dionatan do Nascimento,Teixeira,DEF,0,0,0,0,0,0.0,0.0,0,0,0,0.0,0,0,0,0.4
327,Stephen,Ireland,MID,0,0,0,0,0,0.0,0.0,0,0,0,0.0,0,0,0,0.0
328,Charlie,Adam,MID,1,4,59,1491,23,477.6,263.4,328,5,218,106.7,6,0,7,0.3
329,Glenn,Whelan,MID,0,1,62,2276,40,336.6,392.6,41,3,380,77.0,7,0,5,0.7
330,Jonathan,Walters,MID,4,3,72,1304,22,198.7,294.0,487,3,195,98.0,6,0,1,0.1
331,Marko,Arnautovic,MID,6,7,117,2713,43,768.7,530.4,861,8,401,216.2,9,1,9,1.0
332,Ibrahim,Afellay,MID,0,0,15,384,5,55.2,32.0,63,0,63,14.8,0,0,0,0.0
333,Xherdan,Shaqiri,MID,4,2,80,1699,21,672.9,293.6,453,8,275,141.6,8,0,2,3.0
334,Giannelli,Imbula,MID,0,1,24,796,20,111.3,65.0,44,1,126,22.0,2,0,1,0.1
335,Bojan,Krkic,MID,3,0,30,475,12,84.5,125.4,114,4,93,32.1,0,0,1,0.7
336,Peter,Crouch,FWD,7,3,79,1343,23,260.9,346.6,664,7,262,126.8,4,0,3,3.4
337,Mame Biram,Diouf,FWD,1,2,51,1385,26,148.6,198.0,340,2,190,68.4,5,0,3,0.3
338,Jose Luis,Mato Sanmartín,FWD,0,0,0,0,0,0.0,0.0,0,0,0,0.0,0,0,0,0.1
339,Vito,Mannone,GK,0,0,34,810,19,0.0,247.0,0,6,187,24.8,2,0,0,0.6
340,Jordan,Pickford,GK,0,0,102,2610,50,40.0,933.0,0,9,608,97.4,4,0,0,11.0
341,Younes,Kaboul,DEF,2,0,57,1910,36,31.5,443.2,243,1,342,71.8,4,0,2,0.6
342,John,O'Shea,DEF,0,1,47,2158,42,21.3,453.4,98,3,335,57.0,3,0,5,0.4
343,Billy,Jones,DEF,1,0,56,2270,49,387.5,476.8,270,6,368,113.5,5,0,8,0.1
344,Patrick,van Aanholt,DEF,5,1,98,2498,53,534.2,616.0,383,9,534,153.5,5,0,3,3.6
345,Adam,Matthews,DEF,0,0,0,0,0,0.0,0.0,0,0,0,0.0,0,0,0,0.0
346,Lamine,Koné,DEF,1,0,69,2545,46,35.6,624.0,339,5,451,100.2,5,0,4,1.7
347,Jan,Kirchhoff,MID,0,1,12,433,11,30.1,53.6,26,0,61,10.9,0,0,1,0.0
348,Lee,Cattermole,MID,0,0,12,633,13,47.3,65.0,12,0,63,12.6,0,0,4,0.1
349,Sebastian,Larsson,MID,0,3,40,1468,35,402.5,206.0,109,0,219,71.4,3,1,4,0.0
350,Jack,Rodwell,MID,0,1,38,1492,32,131.0,235.0,233,1,200,60.0,2,0,4,0.6
351,Jeremain,Lens,MID,0,0,2,69,1,31.3,14.2,52,0,12,9.7,0,0,0,0.0
352,Wahbi,Khazri,MID,1,0,31,849,21,332.2,112.2,203,3,96,64.9,1,0,6,0.1
353,Duncan,Watmore,MID,0,5,43,1025,20,159.7,118.6,241,1,125,51.4,2,0,1,0.1
354,Fabio,Borini,FWD,2,0,49,1742,34,257.3,217.0,406,3,177,87.4,5,0,5,0.6
355,Jermain,Defoe,FWD,15,3,166,3322,63,274.5,630.4,1379,24,529,227.0,6,0,1,16.1
356,Lukasz,Fabianski,GK,0,0,116,3330,69,0.1,780.4,0,8,650,78.1,8,0,1,3.6
357,Kristoffer,Nordfeldt,GK,0,0,3,90,1,0.0,24.8,0,0,12,2.5,0,0,0,3.4
358,Kyle,Naughton,DEF,1,0,82,2714,48,407.5,589.0,216,7,528,121.3,8,0,5,2.1
359,Ashley,Williams,DEF,1,3,127,3160,40,119.1,927.6,289,9,739,133.9,13,1,7,8.7
360,Neil,Taylor,DEF,0,1,22,920,26,84.1,149.2,12,0,160,24.6,2,0,1,0.1
361,Angel,Rangel,DEF,1,0,26,831,24,122.7,221.8,54,1,190,40.0,1,0,1,0.2
362,Jordi,Amat,DEF,0,0,21,1409,36,29.2,332.2,106,0,237,46.8,2,0,5,7.4
363,Federico,Fernández,DEF,0,1,63,2430,41,38.2,579.4,206,4,435,82.9,6,0,7,1.9
364,Franck,Tabanou,DEF,0,0,0,0,0,0.0,0.0,0,0,0,0.0,0,0,0,0.0
365,Stephen,Kingsley,DEF,0,0,29,1036,20,106.8,140.2,15,2,192,26.2,3,0,0,8.9
366,Mike,van der Hoorn,DEF,1,0,16,662,20,1.2,191.6,50,0,125,24.3,1,0,1,0.2
367,Jack,Cork,MID,0,1,50,2232,51,222.0,331.2,168,0,348,71.6,3,0,7,0.1
368,Gylfi,Sigurdsson,MID,9,13,181,3327,70,1302.7,905.4,1074,18,684,328.3,7,0,2,10.8
369,Wayne,Routledge,MID,3,2,74,1917,42,428.5,273.2,355,2,228,105.5,5,0,1,0.3
370,Leon,Britton,MID,0,0,32,1163,24,72.8,127.8,10,0,200,21.2,5,0,3,0.1
371,Jay,Fulton,MID,0,0,19,690,15,53.3,85.4,47,0,92,18.7,3,0,2,0.0
372,Sung-yueng,Ki,MID,0,1,41,1291,28,210.9,160.4,77,0,220,44.4,4,0,3,0.1
373,Jefferson,Montero,MID,0,1,18,380,9,134.3,82.4,99,0,76,31.5,0,0,0,0.1
374,André,Ayew,MID,6,3,89,1439,25,233.4,324.4,505,5,257,105.6,6,0,1,1.0
375,Leroy,Fer,MID,6,2,95,2405,49,333.9,507.6,443,5,429,128.3,4,0,9,4.6
376,Nathan,Dyer,MID,0,1,12,214,11,57.5,40.0,48,0,47,14.6,0,0,0,0.1
377,Bafétimbi,Gomis,FWD,0,0,0,0,0,0.0,0.0,0,0,0,0.0,0,0,0,0.0
378,Marvin,Emnes,FWD,0,0,0,0,0,0.0,0.0,0,0,0,0.0,0,0,0,0.3
379,Modou,Barrow,FWD,0,2,34,1145,23,332.7,153.6,223,0,136,70.5,4,0,1,0.6
380,Hugo,Lloris,GK,0,0,143,3004,24,20.0,664.6,2,6,665,68.7,15,0,0,7.9
381,Michel,Vorm,GK,0,0,17,416,2,0.0,70.4,0,0,81,6.9,2,0,0,0.3
382,Toby,Alderweireld,DEF,1,0,120,2601,17,102.2,618.4,363,4,611,108.6,14,0,1,9.6
383,Danny,Rose,DEF,2,3,84,1530,11,371.5,387.4,237,6,357,99.6,8,0,8,4.3
384,Kyle,Walker,DEF,0,6,142,2701,21,570.5,564.0,264,18,640,140.2,14,0,8,27.6
385,Jan,Vertonghen,DEF,0,0,126,2894,21,121.1,790.8,138,8,733,105.1,15,0,5,7.7
386,Ben,Davies,DEF,1,3,90,1739,13,449.6,452.0,156,5,443,105.8,8,0,1,5.2
387,Kieran,Trippier,DEF,0,5,51,568,3,185.6,183.8,35,7,202,40.6,3,0,1,0.4
388,Kevin,Wimmer,DEF,0,0,2,357,4,14.4,39.4,0,0,26,5.4,0,0,3,0.1
389,DeAndre,Yedlin,DEF,0,0,0,0,0,0.0,0.0,0,0,0,0.0,0,0,0,0.2
390,Eric,Dier,MID,2,0,93,3043,24,223.8,663.6,315,4,505,120.7,16,0,6,5.1
391,Mousa,Dembélé,MID,1,2,76,2056,17,409.7,407.2,121,6,456,94.2,11,0,5,0.5
392,Nacer,Chadli,MID,5,6,110,2135,32,538.8,412.0,543,8,359,148.7,6,0,2,1.4
393,Erik,Lamela,MID,1,1,28,595,2,275.2,121.8,225,4,93,62.2,4,0,1,3.3
394,Christian,Eriksen,MID,8,20,218,3159,24,1679.2,974.6,1244,30,798,389.7,16,0,0,17.9
395,Nabil,Bentaleb,MID,0,0,0,0,0,0.0,0.0,0,0,0,0.0,0,0,0,0.0
396,Ryan,Mason,MID,1,0,26,927,27,149.6,116.0,137,0,126,39.8,0,0,4,0.0
397,Tom,Carroll,MID,1,2,52,1389,18,268.2,253.8,86,4,243,61.0,5,0,1,2.6
398,Bamidele,Alli,MID,18,11,225,3036,22,778.7,969.6,1270,17,679,301.7,17,0,4,32.3
399,Joshua,Onomah,MID,0,0,5,22,0,4.4,7.4,18,0,17,3.0,0,0,0,0.1
400,Victor,Wanyama,MID,4,2,103,3012,25,486.0,609.6,480,7,578,157.7,12,0,10,2.9
401,Alex,Pritchard,MID,0,0,0,0,0,0.0,0.0,0,0,0,0.0,0,0,0,0.0
402,Heung-Min,Son,MID,14,9,174,2063,18,642.3,753.4,1161,13,512,255.6,10,0,2,11.0
403,Harry,Kane,FWD,29,7,224,2523,19,548.4,1279.0,1530,33,920,336.0,14,0,3,23.3
404,Clinton,N'Jie,FWD,0,0,0,0,0,0.0,0.0,0,0,0,0.0,0,0,0,0.0
405,Vincent,Janssen,FWD,2,3,55,845,8,241.3,158.0,501,3,134,89.4,3,0,0,0.8
406,Costel,Pantilimon,GK,0,0,2,83,4,0.0,41.6,0,0,20,4.1,0,0,0,0.4
407,Heurelho,Gomes,GK,0,0,113,3337,64,10.0,834.4,0,6,681,84.4,7,0,1,1.7
408,Craig,Cathcart,DEF,0,1,31,1162,21,61.7,225.2,45,3,183,33.2,2,0,3,0.2
409,Sebastian,Prödl,DEF,1,2,67,2770,49,111.3,624.0,302,3,441,103.8,5,1,10,0.8
410,Juan Carlos,Paredes,DEF,0,0,0,0,0,0.0,0.0,0,0,0,0.0,0,0,0,3.8
411,José,Holebas,DEF,2,4,87,2905,61,567.6,666.8,211,9,547,144.6,7,0,14,3.0
412,Allan-Roméo,Nyom,DEF,0,2,74,2638,39,214.3,461.0,109,6,419,78.3,5,0,8,1.3
413,Miguel,Britos,DEF,1,2,71,2280,36,96.7,531.2,280,8,413,90.9,6,2,6,0.7
414,Christian,Kabasele,DEF,2,0,35,771,15,49.1,200.4,166,1,143,41.7,1,0,1,0.0
415,Adlène,Guédioura,MID,0,1,26,861,20,169.2,123.6,100,0,131,38.7,0,0,2,0.1
416,Etienne,Capoue,MID,7,2,131,3204,60,696.8,577.6,513,14,544,178.7,7,0,5,22.9
417,Almen,Abdi,MID,0,0,0,0,0,0.0,0.0,0,0,0,0.0,0,0,0,0.0
418,Ben,Watson,MID,0,0,1,54,2,1.3,5.6,0,0,6,0.6,0,1,0,0.6
419,Ikechi,Anya,MID,0,0,1,10,0,0.0,0.0,0,0,3,0.0,0,0,0,0.0
420,Valon,Behrami,MID,0,0,48,2030,39,101.9,208.2,24,0,258,33.6,5,0,7,0.2
421,Steven,Berghuis,MID,0,0,0,0,0,0.0,0.0,0,0,0,0.0,0,0,0,0.0
422,Nordin,Amrabat,MID,0,3,65,2091,51,494.3,282.4,368,5,263,113.9,4,0,4,0.1
423,Mario,Suárez,MID,0,0,0,0,0,0.0,0.0,0,0,0,0.0,0,0,0,0.1
424,Isaac,Success,MID,1,1,28,519,9,96.7,146.2,225,0,87,46.8,1,0,2,0.0
425,Troy,Deeney,FWD,10,4,130,2944,52,555.9,617.4,900,18,441,206.8,6,0,7,4.8
426,Odion,Ighalo,FWD,1,1,39,1291,29,173.8,93.6,440,2,84,70.0,2,0,1,2.4
427,Mamadou Obbi,Oularé,FWD,0,0,0,0,0,0.0,0.0,0,0,0,0.0,0,0,0,0.0
428,Jerome,Sinclair,FWD,0,0,6,116,1,14.3,1.0,22,0,11,3.5,0,0,0,0.2
429,Boaz,Myhill,GK,0,0,0,0,0,0.0,0.0,0,0,0,0.0,0,0,0,0.4
430,Ben,Foster,GK,0,0,113,3420,51,20.3,767.0,5,4,629,79.5,6,0,2,12.6
431,Jonny,Evans,DEF,2,1,79,2637,39,117.5,626.6,259,7,478,100.6,4,0,8,4.1
432,Jonas,Olsson,DEF,0,0,8,590,13,1.1,96.4,21,0,60,12.0,1,0,3,0.5
433,Craig,Dawson,DEF,4,0,102,3276,50,317.1,742.4,418,6,500,147.9,6,0,10,2.5
434,Sébastien,Pocognoli,DEF,0,0,0,0,0,0.0,0.0,0,0,0,0.0,0,0,0,0.2
435,Cristian,Gamboa,DEF,0,0,0,0,0,0.0,0.0,0,0,0,0.0,0,0,0,0.4
436,Gareth,McAuley,DEF,6,1,131,3140,45,74.3,913.8,367,14,576,135.4,7,0,5,24.7
437,James,Chester,DEF,0,0,0,0,0,0.0,0.0,0,0,0,0.0,0,0,0,0.0
438,Chris,Brunt,DEF,3,4,99,2477,37,674.5,509.4,340,11,462,153.1,4,0,5,2.3
439,Darren,Fletcher,MID,2,3,103,3231,45,362.3,393.2,260,2,453,101.2,8,0,0,8.1
440,Craig,Gardner,MID,0,1,14,218,6,137.9,35.4,11,0,52,18.3,1,0,1,0.1
441,James,Morrison,MID,5,2,84,1741,22,348.9,351.0,237,4,328,93.7,4,0,3,1.1
442,Claudio,Yacob,MID,0,0,54,2418,36,108.5,346.0,33,0,366,49.0,4,0,9,0.2
443,Callum,McManaman,MID,0,0,0,0,0,0.0,0.0,0,0,0,0.0,0,0,0,0.1
444,James,McClean,MID,1,3,52,1477,24,331.3,288.6,360,1,236,98.2,2,0,9,0.1
445,Jonathan,Leko,MID,0,1,12,118,3,29.9,27.4,20,0,38,7.6,0,0,0,0.5
446,Matt,Phillips,MID,4,9,115,2181,28,508.9,463.2,458,12,357,142.3,6,0,2,4.0
447,Rickie,Lambert,FWD,0,0,1,13,0,11.0,3.6,40,0,3,5.5,0,0,0,0.1
448,Saido,Berahino,FWD,0,0,26,963,13,73.5,38.4,299,0,50,40.0,4,0,1,0.5
449,Salomón,Rondón,FWD,8,3,118,2892,44,430.3,435.4,1430,10,287,227.8,6,0,2,4.2
450,Adrián,San Miguel del Castillo,GK,0,0,64,1440,25,10.0,367.8,0,6,311,37.7,6,0,1,1.7
451,Darren,Randolph,GK,0,0,69,1980,39,0.0,484.8,0,5,370,48.7,4,0,1,1.3
452,James,Collins,DEF,2,0,69,1655,29,45.4,501.0,169,7,364,71.6,6,0,3,4.5
453,Winston,Reid,DEF,2,3,102,2587,48,104.4,793.6,141,16,622,104.0,9,1,8,2.4
454,Aaron,Cresswell,DEF,0,2,60,2115,35,284.7,307.6,121,1,334,71.2,5,1,2,0.3
455,Reece,Oxford,DEF,0,0,0,0,0,0.0,0.0,0,0,0,0.0,0,0,0,0.3
456,Angelo,Ogbonna,DEF,0,0,45,1755,31,82.4,384.4,51,2,322,51.6,4,0,2,0.7
457,Sam,Byram,DEF,0,1,29,1249,27,118.2,202.2,72,2,198,39.4,3,1,5,0.3
458,Mark,Noble,MID,3,0,71,2389,40,384.8,342.0,233,5,389,95.9,8,0,10,1.2
459,Cheikhou,Kouyaté,MID,1,1,79,2723,46,147.4,458.8,200,3,438,80.5,9,0,3,0.7
460,Pedro,Obiang,MID,1,2,55,1763,32,131.3,311.4,52,6,331,49.4,4,0,7,0.3
461,Dimitri,Payet,MID,2,8,81,1513,28,1096.6,414.0,516,10,347,202.6,4,0,2,6.2
462,Manuel,Lanzini,MID,8,3,133,2708,53,863.3,639.0,629,20,635,213.5,9,0,9,2.0
463,Josh,Cullen,MID,0,0,0,0,0,0.0,0.0,0,0,0,0.0,0,0,0,0.1
464,Michail,Antonio,MID,9,8,132,2433,43,503.1,622.4,1105,8,410,222.7,7,1,4,5.3
465,Håvard,Nordtveit,MID,0,1,31,957,20,63.3,155.4,43,0,160,26.1,3,0,2,0.1
466,Sofiane,Feghouli,MID,3,3,55,1042,23,320.2,268.0,262,4,220,84.9,1,1,1,0.7
467,Gökhan,Töre,MID,0,1,10,240,4,87.8,28.2,33,0,29,14.6,1,0,0,0.1
468,Andy,Carroll,FWD,7,2,69,1312,27,220.8,351.8,620,6,256,119.2,3,0,3,2.0
469,Enner,Valencia,FWD,3,3,54,927,12,117.6,194.2,490,3,173,79.0,2,0,1,1.7
470,Diafra,Sakho,FWD,1,0,12,181,4,19.6,41.8,45,2,32,10.7,0,0,0,0.1
471,Nick,Pope,GK,0,0,0,0,0,0.0,0.0,0,0,0,0.0,0,0,0,2.5
472,Paul,Robinson,GK,0,0,5,270,7,0.0,66.2,0,0,45,6.6,0,0,0,2.3
473,Johann Berg,Gudmundsson,MID,1,3,47,999,19,267.3,220.0,161,3,187,64.8,3,0,1,0.1
474,Ragnar,Klavan,DEF,0,0,43,1410,19,52.5,308.2,78,4,292,44.0,3,0,3,0.6
475,Marko,Grujic,MID,0,0,4,43,0,17.4,8.8,39,0,10,6.1,0,0,1,0.2
476,Jason,Denayer,DEF,0,0,56,1878,30,55.1,319.2,62,2,320,43.7,6,0,2,0.1
477,Antonio,Barragán,DEF,0,0,71,2193,32,219.0,442.2,50,8,455,71.5,7,0,5,1.0
478,Álvaro,Negredo,FWD,9,5,130,2872,45,454.9,542.4,1078,17,436,207.1,10,0,5,10.9
479,Juan,Zuñiga,DEF,1,1,38,823,15,86.4,139.8,79,2,173,30.1,1,0,1,1.1
480,Tommie,Hoban,DEF,0,0,0,0,0,0.0,0.0,0,0,0,0.0,0,0,0,0.2
481,Brice,Dja Djédjé,DEF,0,0,0,0,0,0.0,0.0,0,0,0,0.0,0,0,0,0.0
482,Abdoulaye,Doucouré,MID,1,0,38,1352,32,178.2,179.4,254,0,226,61.1,4,0,4,0.0
483,Matej,Vydra,FWD,0,0,1,3,0,0.3,0.0,0,0,3,0.0,0,0,0,0.3
484,Rob,Holding,DEF,0,0,32,810,8,49.2,172.0,100,3,171,32.2,4,0,3,3.3
485,Georginio,Wijnaldum,MID,6,9,149,2974,37,694.5,648.4,639,14,650,198.5,11,0,2,1.7
486,Ramadan,Sobhi,MID,0,2,36,855,11,137.3,104.6,149,1,151,38.5,5,0,2,0.5
487,Ola,Aina,DEF,0,0,3,26,0,0.9,4.8,17,0,9,2.3,0,0,0,0.1
488,Idrissa,Gueye,MID,1,2,80,2681,31,434.1,555.8,237,9,540,122.9,9,0,11,0.4
489,Leroy,Sané,MID,5,7,105,1781,15,505.1,397.2,632,8,343,153.7,9,0,4,7.5
490,Bradley,Guzan,GK,0,0,36,900,17,0.0,228.4,0,3,197,22.9,3,0,0,0.7
491,Gastón,Ramírez,MID,2,3,59,1539,22,509.9,287.2,364,6,244,115.6,6,1,8,0.5
492,Jérémy,Pied,DEF,0,0,5,129,1,20.7,20.6,21,0,24,6.3,0,0,0,0.0
493,Chuba,Akpom,FWD,0,0,0,0,0,0.0,0.0,0,0,0,0.0,0,0,0,0.1
494,Sullay,Kaikai,MID,0,0,1,24,0,1.8,0.0,4,0,1,0.5,0,0,0,0.0
495,Mason,Holgate,DEF,0,1,54,1372,18,152.2,286.8,83,5,303,52.3,5,0,2,7.1
496,Benjamin,Chilwell,DEF,1,0,19,699,18,48.4,137.0,88,0,136,27.2,1,0,2,0.2
497,Bartosz,Kapustka,MID,0,0,0,0,0,0.0,0.0,0,0,0,0.0,0,0,0,0.1
498,Jose Angel,Esmoris Tasende,DEF,0,0,0,0,0,0.0,0.0,0,0,0,0.0,0,0,0,0.1
499,Papy,Djilobodji,DEF,0,0,24,1577,35,25.9,487.6,124,0,281,63.8,2,1,4,0.2
500,Fernando,Llorente,FWD,15,3,146,2442,51,489.6,639.8,1086,22,512,220.3,5,0,2,9.4
501,Cameron,Carter-Vickers,DEF,0,0,0,0,0,0.0,0.0,0,0,0,0.0,0,0,0,0.0
502,Daniel,Lafferty,DEF,0,0,0,0,0,0.0,0.0,0,0,0,0.0,0,0,0,0.3
503,Paul,Pogba,MID,5,4,115,2608,21,953.5,713.0,839,14,512,250.0,13,0,7,7.3
504,Jack,Stephens,DEF,0,1,60,1471,24,58.2,350.4,58,10,341,46.6,6,0,1,5.2
505,Arthur,Masuaku,DEF,0,1,34,972,24,126.7,219.8,18,7,253,36.4,3,0,1,0.1
506,Donald,Love,DEF,0,1,21,611,11,73.6,157.6,17,1,133,24.9,1,0,1,4.2
507,Borja,Bastón,FWD,1,2,32,561,11,91.9,59.0,190,1,83,33.1,1,0,0,0.0
508,Olayinka Fredrick Oladotun,Ladapo,FWD,0,0,0,0,0,0.0,0.0,0,0,0,0.0,0,0,0,0.0
509,Keshi,Anderson,FWD,0,0,0,0,0,0.0,0.0,0,0,0,0.0,0,0,0,0.0
510,Kane,Wilson,DEF,0,0,0,0,0,0.0,0.0,0,0,0,0.0,0,0,0,0.4
511,Sam,Field,MID,0,0,9,275,1,49.0,16.4,3,0,50,6.7,1,0,2,0.0
512,Tom,Davies,MID,2,3,63,1544,17,246.1,259.0,208,0,248,70.9,8,0,4,2.3
513,Harry,Winks,MID,1,1,30,494,6,122.1,128.0,77,0,141,32.8,0,0,1,0.0
514,Greg,Olley,MID,0,0,0,0,0,0.0,0.0,0,0,0,0.0,0,0,0,0.0
515,Josh,Clackstone,DEF,0,0,0,0,0,0.0,0.0,0,0,0,0.0,0,0,0,0.1
516,Jarrod,Bowen,FWD,0,0,8,181,8,17.9,3.8,36,0,21,5.7,0,0,0,0.1
517,Dusan,Kuciak,GK,0,0,0,0,0,0.0,0.0,0,0,0,0.0,0,0,0,0.2
518,Greg,Luer,FWD,0,0,0,0,0,0.0,0.0,0,0,0,0.0,0,0,0,0.1
519,Josh,Tymon,DEF,0,0,9,323,8,20.5,40.2,2,0,57,6.4,1,0,1,0.3
520,Lynden,Gooch,MID,0,0,12,366,9,66.4,36.4,54,0,43,15.4,1,0,3,0.2
521,Joel,Asoro,MID,0,0,1,10,0,0.0,0.0,2,0,3,0.2,0,0,0,0.0
522,Alex,Baptiste,DEF,0,0,0,0,0,0.0,0.0,0,0,0,0.0,0,0,0,0.1
523,Trent,Alexander-Arnold,MID,0,0,8,167,2,20.2,32.4,48,0,32,10.1,0,0,0,0.0
524,Alexander,Manninger,GK,0,0,0,0,0,0.0,0.0,0,0,0,0.0,0,0,0,0.3
525,Steven,Defour,MID,1,3,54,1068,13,386.4,249.2,96,6,245,73.3,5,0,1,0.2
526,Jonathan,Calleri,FWD,1,0,23,540,4,115.0,56.2,265,0,47,43.2,3,0,0,0.1
527,Fabio Pereira,da Silva,DEF,0,0,58,1847,30,273.9,355.8,39,8,347,67.1,6,0,8,0.4
528,Pablo,Maffeo,DEF,0,0,0,0,0,0.0,0.0,0,0,0,0.0,0,0,0,0.0
529,Luke,McGee,GK,0,0,0,0,0,0.0,0.0,0,0,0,0.0,0,0,0,0.1
530,Nathaniel,Chalobah,MID,0,1,12,167,3,51.1,40.6,7,0,54,9.9,0,0,2,0.0
531,Aiden,O'Neill,MID,0,0,3,85,4,5.1,7.6,8,0,16,2.1,0,0,0,0.0
532,Josh,Robson,DEF,0,0,0,0,0,0.0,0.0,0,0,0,0.0,0,0,0,0.1
533,Steven,Pienaar,MID,0,0,15,802,13,134.4,90.8,98,0,77,32.3,2,1,5,0.0
534,Reece,Burke,DEF,0,0,0,0,0,0.0,0.0,0,0,0,0.0,0,0,0,0.0
535,Ashley,Fletcher,FWD,0,0,16,367,13,64.2,30.6,160,0,33,24.4,0,0,2,0.2
536,Ryan,Fraser,MID,3,9,100,1764,32,536.5,338.4,332,8,345,120.7,7,0,3,1.2
537,Thomas,Robson,DEF,0,0,0,0,0,0.0,0.0,0,0,0,0.0,0,0,0,0.1
538,Javier,Manquillo,DEF,1,0,38,1430,28,98.7,242.2,66,0,210,40.8,2,0,2,0.0
539,Roberto,Pereyra,MID,2,3,43,1036,17,239.3,168.0,141,2,186,54.7,3,1,2,0.2
540,Daryl,Janmaat,DEF,2,1,50,1614,33,222.3,309.4,254,0,261,78.8,2,0,2,0.2
541,Claudio,Bravo,GK,0,0,73,1968,26,0.0,292.2,0,3,366,28.9,6,0,0,1.2
542,Edimilson,Fernandes,MID,0,1,38,1002,18,109.9,107.8,209,0,148,42.3,3,0,4,0.0
543,Hiram,Boateng,MID,0,0,0,0,0,0.0,0.0,0,0,0,0.0,0,0,0,0.0
544,Julien,Ngoy,FWD,0,0,5,49,1,12.1,7.4,46,0,16,6.5,0,0,0,0.1
545,Ben,Hinchcliffe,FWD,0,0,0,0,0,0.0,0.0,0,0,0,0.0,0,0,0,0.0
546,Oliver,McBurnie,FWD,0,0,5,82,5,33.0,8.0,39,0,17,8.0,0,0,0,0.1
547,Maksymilian,Stryjek,GK,0,0,0,0,0,0.0,0.0,0,0,0,0.0,0,0,0,0.1
548,Jack,Rose,GK,0,0,0,0,0,0.0,0.0,0,0,0,0.0,0,0,0,0.2
549,Lucas,Pérez,FWD,1,1,20,272,2,105.4,65.4,163,0,83,32.9,1,0,0,0.1
550,Simone,Zaza,FWD,0,0,10,459,14,112.4,16.4,207,0,21,32.9,2,0,2,0.1
551,Sofiane,Boufal,MID,1,1,40,1104,22,328.6,197.0,265,1,160,78.6,3,0,5,0.1
552,Stefano,Okaka,FWD,4,0,43,959,23,179.6,197.6,494,3,157,87.1,2,0,5,0.1
553,Patrick,Bamford,FWD,1,0,21,326,8,26.9,51.0,139,2,59,21.5,0,0,1,0.1
554,David,Marshall,GK,0,0,32,1440,44,0.3,423.0,0,0,262,42.3,0,0,0,0.1
555,Shkodran,Mustafi,DEF,2,2,90,2274,30,159.7,598.2,364,8,513,112.4,8,0,11,1.4
556,Adrian,Mariappa,DEF,0,0,15,562,13,12.7,162.6,26,3,121,20.1,1,0,0,0.4
557,Will,Keane,FWD,0,0,8,280,10,50.1,2.8,39,0,9,8.3,1,0,0,0.2
558,Alfie,Mawson,DEF,4,0,94,2430,45,62.0,678.0,302,9,541,104.2,7,0,1,1.9
559,Didier,Ndong,MID,1,1,67,2520,48,310.1,340.4,140,1,397,78.9,5,0,5,0.0
560,Jeff,Hendrick,MID,2,1,76,2691,47,234.4,284.6,259,1,286,77.4,9,1,6,0.1
561,Marcos,Alonso,DEF,6,5,177,2693,19,420.4,618.2,536,11,675,157.6,15,0,2,16.0
562,Bruno,Martins Indi,DEF,1,0,106,3146,50,34.4,682.6,266,9,634,98.6,11,0,4,0.7
563,Adama,Traoré,MID,0,1,52,1543,22,320.5,283.2,176,2,264,77.9,6,0,1,0.1
564,Pau,López Sabata,GK,0,0,0,0,0,0.0,0.0,0,0,0,0.0,0,0,0,0.0
565,Georges-Kévin,Nkoudou,MID,0,0,8,54,0,7.7,17.0,26,0,25,5.2,0,0,0,0.0
566,James,Weir,MID,0,0,0,0,0,0.0,0.0,0,0,0,0.0,0,0,0,0.0
567,Islam,Slimani,FWD,7,4,83,1281,23,268.4,338.2,516,9,271,111.3,5,0,1,0.6
568,Álvaro,Arbeloa,DEF,0,0,0,258,9,32.5,37.0,3,0,34,7.3,0,0,3,0.1
569,Dieumerci,Mbokani,FWD,0,2,27,764,16,107.3,52.4,235,0,43,39.6,3,0,0,0.0
570,David,Luiz Moreira Marinho,DEF,1,1,132,2954,26,158.1,651.0,280,10,675,109.1,15,0,6,5.0
571,Hal,Robson-Kanu,FWD,3,2,52,701,13,130.7,166.2,255,3,144,53.8,1,0,3,0.3
572,Moussa,Sissoko,MID,0,3,43,909,5,274.2,133.0,212,0,162,61.0,4,0,3,0.1
573,Markus,Henriksen,MID,0,0,20,638,13,62.9,52.4,60,0,75,17.4,0,0,1,0.0
574,Lee,Grant,GK,0,0,106,2520,34,0.0,644.0,0,9,546,64.7,9,0,1,6.5
575,Victor,Anichebe,FWD,3,1,48,1219,21,195.3,210.4,505,5,166,90.4,3,0,2,2.2
576,Mathieu,Flamini,MID,0,0,12,274,6,13.7,33.0,13,0,47,5.9,0,0,0,0.1
577,Michael,Simões Domingues,GK,0,0,0,0,0,0.0,0.0,0,0,0,0.0,0,0,0,0.0
578,Aleix,García Serrano,MID,0,0,4,77,2,19.1,14.0,0,0,25,3.4,0,0,0,0.0
579,Jonathan,Benteke,FWD,0,0,1,7,0,0.3,5.0,9,0,3,1.4,0,0,0,0.4
580,Ezekiel,Fryers,DEF,0,1,9,188,7,36.3,41.6,8,0,38,8.6,0,0,0,0.0
581,Luke,Dreher,MID,0,0,0,0,0,0.0,0.0,0,0,0,0.0,0,0,0,0.0
582,Oviemuno,Ejaria,MID,0,0,2,8,0,1.3,0.0,2,0,6,0.3,0,0,0,0.0
583,Ben,Hamer,GK,0,0,0,0,0,0.0,0.0,0,0,0,0.0,0,0,0,0.0
584,Lloyd,Isgrove,MID,0,0,0,0,0,0.0,0.0,0,0,0,0.0,0,0,0,0.0
585,Ben,Wynter,DEF,0,0,0,0,0,0.0,0.0,0,0,0,0.0,0,0,0,0.1
586,Jake,Hesketh,MID,0,0,0,0,0,0.0,0.0,0,0,0,0.0,0,0,0,0.0
587,George,Honeyman,MID,0,0,7,235,4,42.7,34.2,29,0,30,10.6,1,0,1,0.0
588,Jeff,Reine-Adelaide,MID,0,0,0,0,0,0.0,0.0,0,0,0,0.0,0,0,0,0.0
589,Olufela,Olomola,MID,0,0,0,0,0,0.0,0.0,0,0,0,0.0,0,0,0,0.0
590,Dominic,Solanke,FWD,0,0,0,0,0,0.0,0.0,0,0,0,0.0,0,0,0,0.0
591,Raphael,Spiegel,GK,0,0,0,0,0,0.0,0.0,0,0,0,0.0,0,0,0,0.2
592,Sam,McQueen,MID,0,1,23,616,9,58.4,123.6,25,0,132,20.8,1,0,0,0.1
593,Ainsley,Maitland-Niles,MID,0,0,1,2,0,0.0,2.2,0,0,5,0.2,0,0,0,0.0
594,Kevin,Long,DEF,0,0,3,270,6,0.2,56.4,4,0,39,6.1,0,0,0,0.1
595,Dominic,Calvert-Lewin,FWD,1,0,17,347,7,10.0,53.2,82,1,46,14.1,0,0,1,0.1
596,Mateusz,Hewelt,GK,0,0,0,0,0,0.0,0.0,0,0,0,0.0,0,0,0,0.1
597,Stuart,Taylor,GK,0,0,0,0,0,0.0,0.0,0,0,0,0.0,0,0,0,0.1
598,Daniel,James,MID,0,0,0,0,0,0.0,0.0,0,0,0,0.0,0,0,0,0.0
599,Thibaud,Verlinden,MID,0,0,0,0,0,0.0,0.0,0,0,0,0.0,0,0,0,0.0
600,Ryan,Allsop,GK,0,0,3,90,1,0.0,33.8,0,0,17,3.4,0,0,0,0.1
601,Alex,Palmer,GK,0,0,0,0,0,0.0,0.0,0,0,0,0.0,0,0,0,0.0
602,Matthew,James,MID,0,0,1,1,0,0.0,0.0,0,0,3,0.0,0,0,0,0.0
603,Ben,Woodburn,MID,0,0,5,86,1,12.6,7.4,34,0,14,5.4,0,0,0,0.0
604,Joshua,Sims,MID,0,1,12,211,1,38.2,41.8,83,0,48,16.3,1,0,0,0.3
605,Andrew,Eleftheriou,DEF,0,0,0,52,2,0.8,5.2,0,0,4,0.6,0,0,0,0.0
606,Michael,Phillips,MID,0,0,0,0,0,0.0,0.0,0,0,0,0.0,0,0,0,0.0
607,Oluwatosin,Adarabioyo,DEF,0,0,0,0,0,0.0,0.0,0,0,0,0.0,0,0,0,0.0
608,Alex,Pike,DEF,0,0,0,0,0,0.0,0.0,0,0,0,0.0,0,0,0,0.0
609,Marcus,Browne,MID,0,0,0,0,0,0.0,0.0,0,0,0,0.0,0,0,0,0.0
610,Domingos,Quina,MID,0,0,0,0,0,0.0,0.0,0,0,0,0.0,0,0,0,0.0
611,Noor,Husin,MID,0,0,0,0,0,0.0,0.0,0,0,0,0.0,0,0,0,0.0
612,Aaron,Wan-Bissaka,MID,0,0,0,0,0,0.0,0.0,0,0,0,0.0,0,0,0,0.0
613,Josh,Maja,FWD,0,0,0,0,0,0.0,0.0,0,0,0,0.0,0,0,0,0.1
614,Rekeem,Harper,MID,0,0,0,0,0,0.0,0.0,0,0,0,0.0,0,0,0,0.0
615,Ethan,Robson,MID,0,0,0,0,0,0.0,0.0,0,0,0,0.0,0,0,0,0.0
616,Jonjoe,Kenny,DEF,0,0,1,13,0,0.6,0.0,0,0,2,0.0,0,0,0,0.0
617,Elliot,Embleton,MID,0,0,0,0,0,0.0,0.0,0,0,0,0.0,0,0,0,0.0
618,Declan,Rice,MID,0,0,1,1,0,0.3,0.6,0,0,3,0.1,0,0,0,0.0
619,Charlie,Rowan,DEF,0,0,0,0,0,0.0,0.0,0,0,0,0.0,0,0,0,0.0
620,Michael,Folivi,FWD,0,0,1,10,0,0.1,0.0,0,0,2,0.0,0,0,0,0.0
621,Brandon,Mason,DEF,0,0,1,113,5,0.8,11.4,0,0,13,1.2,0,0,0,0.1
622,Carl,Stewart,MID,0,0,0,0,0,0.0,0.0,0,0,0,0.0,0,0,0,0.0
623,Harry,Lewis,GK,0,0,0,0,0,0.0,0.0,0,0,0,0.0,0,0,0,0.0
624,Michael,Ledger,DEF,0,0,0,0,0,0.0,0.0,0,0,0,0.0,0,0,0,0.0
625,Gabriel Fernando,de Jesus,FWD,7,4,67,651,5,165.9,335.8,436,12,258,92.9,3,0,2,14.7
626,Joey,Barton,MID,1,2,37,1105,16,147.4,184.8,86,0,205,41.9,4,0,4,0.1
627,Ademola,Lookman,MID,1,0,16,289,2,15.5,55.8,193,0,33,26.1,1,0,0,0.0
628,Wilfred,Ndidi,MID,2,3,59,1521,28,93.8,313.6,357,2,288,76.4,4,0,0,0.7
629,Rudy,Gestede,FWD,1,0,21,533,12,148.4,79.4,254,0,80,48.1,1,0,3,0.1
630,Evandro,Goebel,MID,0,0,18,576,10,171.0,42.4,20,0,88,23.2,3,0,1,0.0
631,Joel,Taylor,DEF,0,0,0,0,0,0.0,0.0,0,0,0,0.0,0,0,0,0.0
632,Luciano,Narsingh,MID,0,3,25,416,8,105.7,74.4,60,0,75,23.9,1,0,0,0.0
633,Martin,Olsson,DEF,2,0,52,1252,18,149.5,262.0,114,3,234,52.6,4,0,2,0.8
634,Omar,Elabdellaoui,DEF,0,0,13,615,16,70.4,84.6,8,0,111,16.4,1,0,0,0.0
635,Joleon,Lescott,DEF,0,0,1,124,5,0.3,39.0,0,0,14,3.9,0,0,0,0.3
636,Mauro,Zárate,FWD,0,1,8,204,3,52.8,18.8,71,0,27,14.3,0,0,0,0.0
637,M'Baye,Niang,FWD,2,2,49,1246,27,186.3,190.0,364,6,183,73.4,3,0,2,0.4
638,Andrea,Ranocchia,DEF,2,2,55,1330,31,39.0,444.4,158,9,299,64.2,3,0,2,1.3
639,Giedrius,Arlauskis,GK,0,0,0,0,0,0.0,0.0,0,0,0,0.0,0,0,0,0.0
640,Robbie,Brady,MID,1,3,39,719,11,253.0,151.2,116,4,143,51.6,1,0,1,0.2
641,Ashley,Westwood,MID,0,0,13,551,9,64.3,50.8,2,0,68,11.8,1,0,3,0.0
642,Jordan,Ayew,FWD,1,4,39,867,7,122.5,141.0,219,2,122,47.9,5,0,1,0.6
643,Manolo,Gabbiadini,FWD,4,1,38,724,12,85.0,165.6,432,4,124,67.8,3,0,1,6.5
644,Alfred,N'Diaye,MID,1,0,34,1273,30,98.3,158.8,137,2,177,39.1,4,0,7,0.8
645,Molla,Wagué,DEF,0,0,0,0,0,0.0,0.0,0,0,0,0.0,0,0,0,0.0
646,Luka,Milivojevic,MID,2,0,42,1224,16,96.5,192.4,130,3,169,41.8,5,0,4,0.1
647,Kamil,Grosicki,MID,0,5,43,1143,27,360.9,133.6,309,0,132,80.3,3,0,1,0.2
648,Thomas,Edwards,DEF,0,0,0,0,0,0.0,0.0,0,0,0,0.0,0,0,0,0.0
649,Baily,Cargill,DEF,0,0,1,13,0,0.0,4.2,0,0,5,0.4,0,0,0,0.0
650,Mouez,Hassen,GK,0,0,0,0,0,0.0,0.0,0,0,0,0.0,0,0,0,0.0
651,Daniel,Agyei,FWD,0,0,3,25,0,0.3,1.0,11,0,6,0.8,0,0,0,0.0
652,Martín,Cáceres,DEF,0,0,2,90,1,1.1,19.6,6,0,16,2.7,0,0,0,0.0
653,Harry,Wilson,MID,0,0,0,0,0,0.0,0.0,0,0,0,0.0,0,0,0,0.0
654,Connor,Roberts,DEF,0,0,0,0,0,0.0,0.0,0,0,0,0.0,0,0,0,0.0
655,Matthew,Willock,MID,0,0,0,0,0,0.0,0.0,0,0,0,0.0,0,0,0,0.0
656,Axel,Tuanzebe,DEF,0,0,14,303,4,27.7,32.6,18,0,69,7.8,2,0,0,0.3
657,Damian Emiliano,Martinez,GK,0,0,8,180,3,0.0,30.6,0,0,35,3.1,1,0,0,0.6
658,Joe,Williams,MID,0,0,0,0,0,0.0,0.0,0,0,0,0.0,0,0,0,0.0
659,Dion,Pereira,MID,0,0,2,25,1,14.6,4.2,4,0,6,2.3,0,0,0,0.0
660,Matt,Macey,GK,0,0,0,0,0,0.0,0.0,0,0,0,0.0,0,0,0,0.0
661,James,Husband,DEF,0,0,0,58,3,1.5,1.2,0,0,3,0.3,0,0,0,0.0
662,Joel Dinis,Castro Pereira,GK,0,0,6,90,0,0.0,7.4,0,0,23,0.7,1,0,0,0.1
663,Eduardo,Dos Reis Carvalho,GK,0,0,0,0,0,0.0,0.0,0,0,0,0.0,0,0,0,0.0
664,Moses,Makasi,MID,0,0,0,0,0,0.0,0.0,0,0,0,0.0,0,0,0,0.0
665,Nathan,Holland,MID,0,0,0,0,0,0.0,0.0,0,0,0,0.0,0,0,0,0.0
666,Rhian,Brewster,FWD,0,0,0,0,0,0.0,0.0,0,0,0,0.0,0,0,0,0.0
667,Scott,McTominay,MID,0,0,3,97,0,19.1,22.2,17,0,16,5.8,1,0,1,0.0
668,Angus,Gunn,GK,0,0,0,0,0,0.0,0.0,0,0,0,0.0,0,0,0,0.0
669,Demetri,Mitchell,DEF,0,0,8,90,0,31.6,24.8,0,2,35,5.6,1,0,0,0.0
670,Elliott,Moore,DEF,0,0,0,0,0,0.0,0.0,0,0,0,0.0,0,0,0,0.0
671,Filip,Lesniak,MID,0,1,4,5,0,11.2,18.6,0,0,14,3.0,0,0,0,0.0
672,Samuel,Shashoua,MID,0,0,0,0,0,0.0,0.0,0,0,0,0.0,0,0,0,0.0
673,Zachary,Dearnley,MID,0,0,0,0,0,0.0,0.0,0,0,0,0.0,0,0,0,0.0
674,Joshua,Harrop,MID,1,0,8,90,0,20.2,36.2,21,0,32,7.7,1,0,0,0.0
675,Daniel,Kemp,MID,0,0,0,0,0,0.0,0.0,0,0,0,0.0,0,0,0,0.0
676,Daniel,Batty,MID,0,0,0,0,0,0.0,0.0,0,0,0,0.0,0,0,0,0.0
677,Aaron,Ramsdale,GK,0,0,0,0,0,0.0,0.0,0,0,0,0.0,0,0,0,0.0
678,Matthew,Worthington,MID,0,0,1,17,0,0.7,1.0,0,0,3,0.2,0,0,0,0.0
679,Sam,Surridge,FWD,0,0,0,0,0,0.0,0.0,0,0,0,0.0,0,0,0,0.0
680,Angel,Gomes,MID,0,0,1,3,0,3.8,0.8,0,0,2,0.5,0,0,0,0.0
681,Kieran,O'Hara,GK,0,0,0,0,0,0.0,0.0,0,0,0,0.0,0,0,0,0.0
682,Gerhard,Tremmel,GK,0,0,0,0,0,0.0,0.0,0,0,0,0.0,0,0,0,0.0
683,Rene,Gilmartin,GK,0,0,0,0,0,0.0,0.0,0,0,0,0.0,0,0,0,0.0
